fid,q,x,y,distance_to_point
3,2,7948389,6651108,1.61682
4,,7950927,6646290,0.582593
5,,7950920,6646264,0.5974
6,,7950905,6646225,0.623286
7,,7950893,6646196,0.643199
